id;name;counter;created;updated
1;boohoo hmph oof;5245;2023-12-20T11:40:27;2023-12-20T06:42:52
2;great;23241;2023-12-20T00:16:04;2023-12-20T14:28:58
3;caring ack boo;21998;2023-12-19T21:21:01;2023-12-20T08:01:03
4;brief rightfully except;14162;2023-12-19T23:54:44;2023-12-19T20:36:12
5;humanise this mmm;15005;2023-12-20T03:12:57;2023-12-20T03:18:17
6;communication assured;14099;2023-12-20T11:52:41;2023-12-20T10:03:02
7;majestic;16478;2023-12-20T15:32:12;2023-12-19T21:40:50
8;savage;8446;2023-12-19T21:10:15;2023-12-20T11:15:10
9;above along tonic;29450;2023-12-20T03:35:06;2023-12-20T10:53:11
10;unaccountably where;17142;2023-12-19T19:28:57;2023-12-20T11:15:28
